<?xml version="1.0" ?>

<!-- Simple status indicator suited for 7-display or LEDs -->
<node name="/no/quine/CamBox/IOController">
  <interface name="no.quine.CamBox.IOController">
    <method name="SetRecording">
      <!-- Simple true/false flag reflecting the record flag -->
      <arg type="b" name="recording" direction="in"/>
    </method>

    <method name="SetCopying">
      <!-- Simple true/false flag reflecting copying status. -->
      <arg type="b" name="copying" direction="in"/>
    </method>

    <method name="SetErrorLevel">
      <arg type="i" name="facility" direction="in"/>
      <arg type="b" name="failed" direction="in"/>
    </method>
  </interface>
</node>

